sigla,prefixo,n
USP,10.11606,148646
UNICAMP,10.47749,67390
UFU,10.14393,12881
UnB,10.26512,10511
UFTM,—,0
